{
  "total_routes": 115,
  "routes": [
    {
      "file": "backend/admin_routes.py",
      "line": 36,
      "method": "GET",
      "path": "/api/admin/stats/visits",
      "function": "get_visit_stats_admin",
      "auth": [],
      "router_var": "router"
    },
    {
      "file": "backend/admin_routes.py",
      "line": 125,
      "method": "GET",
      "path": "/api/admin/stats/leads",
      "function": "get_lead_stats_admin",
      "auth": [],
      "router_var": "router"
    },
    {
      "file": "backend/admin_routes.py",
      "line": 196,
      "method": "POST",
      "path": "/api/admin/process-pending",
      "function": "process_pending_analyses",
      "auth": [],
      "router_var": "router"
    },
    {
      "file": "backend/admin_routes.py",
      "line": 365,
      "method": "GET",
      "path": "/api/admin/pending-stats",
      "function": "get_pending_stats",
      "auth": [],
      "router_var": "router"
    },
    {
      "file": "backend/admin_user_routes.py",
      "line": 52,
      "method": "GET",
      "path": "/api/admin/users",
      "function": "get_all_users",
      "auth": [
        "require_admin"
      ],
      "router_var": "router"
    },
    {
      "file": "backend/admin_user_routes.py",
      "line": 91,
      "method": "POST",
      "path": "/api/admin/users",
      "function": "create_user",
      "auth": [
        "require_admin"
      ],
      "router_var": "router"
    },
    {
      "file": "backend/admin_user_routes.py",
      "line": 160,
      "method": "PUT",
      "path": "/api/admin/users/{user_id}",
      "function": "update_user",
      "auth": [
        "require_admin"
      ],
      "router_var": "router"
    },
    {
      "file": "backend/admin_user_routes.py",
      "line": 228,
      "method": "DELETE",
      "path": "/api/admin/users/{user_id}",
      "function": "delete_user",
      "auth": [
        "require_admin"
      ],
      "router_var": "router"
    },
    {
      "file": "backend/admin_user_routes.py",
      "line": 297,
      "method": "GET",
      "path": "/api/admin/users/{user_id}",
      "function": "get_user",
      "auth": [
        "require_admin"
      ],
      "router_var": "router"
    },
    {
      "file": "backend/ai_routes.py",
      "line": 205,
      "method": "POST",
      "path": "/api/ai/generate-insight",
      "function": "generate_insight",
      "auth": [],
      "router_var": "router"
    },
    {
      "file": "backend/auth_middleware.py",
      "line": 130,
      "method": "GET",
      "path": "/admin-only",
      "function": "admin_endpoint",
      "auth": [
        "require_admin"
      ],
      "router_var": "router"
    },
    {
      "file": "backend/auth_middleware.py",
      "line": 150,
      "method": "GET",
      "path": "/leads",
      "function": "get_leads",
      "auth": [
        "get_user_or_admin"
      ],
      "router_var": "router"
    },
    {
      "file": "backend/auth_middleware.py",
      "line": 331,
      "method": "GET",
      "path": "/admin-only",
      "function": "admin_route",
      "auth": [
        "get_current_user"
      ],
      "router_var": "router"
    },
    {
      "file": "backend/crm_complete_routes.py",
      "line": 173,
      "method": "GET",
      "path": "/api/crm/debug",
      "function": "debug_crm",
      "auth": [
        "get_current_user"
      ],
      "router_var": "router"
    },
    {
      "file": "backend/crm_complete_routes.py",
      "line": 211,
      "method": "GET",
      "path": "/api/crm/dashboard/stats",
      "function": "get_dashboard_stats",
      "auth": [
        "get_current_user"
      ],
      "router_var": "router"
    },
    {
      "file": "backend/crm_complete_routes.py",
      "line": 284,
      "method": "GET",
      "path": "/api/crm/leads",
      "function": "get_leads",
      "auth": [],
      "router_var": "router"
    },
    {
      "file": "backend/crm_complete_routes.py",
      "line": 342,
      "method": "GET",
      "path": "/api/crm/leads/{lead_id}",
      "function": "get_lead",
      "auth": [
        "get_current_user"
      ],
      "router_var": "router"
    },
    {
      "file": "backend/crm_complete_routes.py",
      "line": 377,
      "method": "POST",
      "path": "/api/crm/leads",
      "function": "create_lead",
      "auth": [
        "get_current_user"
      ],
      "router_var": "router"
    },
    {
      "file": "backend/crm_complete_routes.py",
      "line": 424,
      "method": "PUT",
      "path": "/api/crm/leads/{lead_id}",
      "function": "update_lead",
      "auth": [
        "get_current_user"
      ],
      "router_var": "router"
    },
    {
      "file": "backend/crm_complete_routes.py",
      "line": 465,
      "method": "DELETE",
      "path": "/api/crm/leads/{lead_id}",
      "function": "delete_lead",
      "auth": [
        "get_current_user"
      ],
      "router_var": "router"
    },
    {
      "file": "backend/crm_complete_routes.py",
      "line": 486,
      "method": "POST",
      "path": "/api/crm/leads/{lead_id}/notes",
      "function": "add_note_to_lead",
      "auth": [
        "get_current_user"
      ],
      "router_var": "router"
    },
    {
      "file": "backend/crm_complete_routes.py",
      "line": 507,
      "method": "POST",
      "path": "/api/crm/leads/{lead_id}/convert-to-contact",
      "function": "convert_lead_to_contact",
      "auth": [
        "get_current_user"
      ],
      "router_var": "router"
    },
    {
      "file": "backend/crm_complete_routes.py",
      "line": 570,
      "method": "GET",
      "path": "/api/crm/leads/export/csv",
      "function": "export_leads_csv",
      "auth": [
        "get_current_user"
      ],
      "router_var": "router"
    },
    {
      "file": "backend/crm_complete_routes.py",
      "line": 624,
      "method": "GET",
      "path": "/api/crm/pipeline",
      "function": "get_pipeline",
      "auth": [
        "get_current_user"
      ],
      "router_var": "router"
    },
    {
      "file": "backend/crm_complete_routes.py",
      "line": 663,
      "method": "GET",
      "path": "/api/crm/opportunities",
      "function": "list_opportunities",
      "auth": [],
      "router_var": "router"
    },
    {
      "file": "backend/crm_complete_routes.py",
      "line": 707,
      "method": "POST",
      "path": "/api/crm/opportunities",
      "function": "create_opportunity",
      "auth": [
        "get_current_user"
      ],
      "router_var": "router"
    },
    {
      "file": "backend/crm_complete_routes.py",
      "line": 737,
      "method": "PUT",
      "path": "/api/crm/opportunities/{opp_id}",
      "function": "update_opportunity",
      "auth": [
        "get_current_user"
      ],
      "router_var": "router"
    },
    {
      "file": "backend/crm_complete_routes.py",
      "line": 784,
      "method": "DELETE",
      "path": "/api/crm/opportunities/{opp_id}",
      "function": "delete_opportunity",
      "auth": [
        "get_current_user"
      ],
      "router_var": "router"
    },
    {
      "file": "backend/crm_complete_routes.py",
      "line": 817,
      "method": "GET",
      "path": "/api/crm/contacts",
      "function": "get_contacts",
      "auth": [],
      "router_var": "router"
    },
    {
      "file": "backend/crm_complete_routes.py",
      "line": 858,
      "method": "GET",
      "path": "/api/crm/contacts/{contact_id}",
      "function": "get_contact",
      "auth": [
        "get_current_user"
      ],
      "router_var": "router"
    },
    {
      "file": "backend/crm_complete_routes.py",
      "line": 890,
      "method": "POST",
      "path": "/api/crm/contacts",
      "function": "create_contact",
      "auth": [
        "get_current_user"
      ],
      "router_var": "router"
    },
    {
      "file": "backend/crm_complete_routes.py",
      "line": 916,
      "method": "PUT",
      "path": "/api/crm/contacts/{contact_id}",
      "function": "update_contact",
      "auth": [
        "get_current_user"
      ],
      "router_var": "router"
    },
    {
      "file": "backend/crm_complete_routes.py",
      "line": 942,
      "method": "DELETE",
      "path": "/api/crm/contacts/{contact_id}",
      "function": "delete_contact",
      "auth": [
        "get_current_user"
      ],
      "router_var": "router"
    },
    {
      "file": "backend/crm_complete_routes.py",
      "line": 970,
      "method": "GET",
      "path": "/api/crm/settings/users",
      "function": "get_crm_users",
      "auth": [
        "get_current_user"
      ],
      "router_var": "router"
    },
    {
      "file": "backend/crm_complete_routes.py",
      "line": 990,
      "method": "POST",
      "path": "/api/crm/settings/users",
      "function": "create_crm_user",
      "auth": [
        "get_current_user"
      ],
      "router_var": "router"
    },
    {
      "file": "backend/crm_complete_routes.py",
      "line": 1038,
      "method": "PUT",
      "path": "/api/crm/settings/users/{user_id}",
      "function": "update_crm_user",
      "auth": [
        "get_current_user"
      ],
      "router_var": "router"
    },
    {
      "file": "backend/crm_complete_routes.py",
      "line": 1078,
      "method": "POST",
      "path": "/api/crm/settings/users/change-password",
      "function": "change_password",
      "auth": [
        "get_current_user"
      ],
      "router_var": "router"
    },
    {
      "file": "backend/crm_complete_routes.py",
      "line": 1124,
      "method": "GET",
      "path": "/api/crm/settings/tags",
      "function": "get_tags",
      "auth": [
        "get_current_user"
      ],
      "router_var": "router"
    },
    {
      "file": "backend/crm_complete_routes.py",
      "line": 1137,
      "method": "POST",
      "path": "/api/crm/settings/tags",
      "function": "add_tag",
      "auth": [],
      "router_var": "router"
    },
    {
      "file": "backend/crm_complete_routes.py",
      "line": 1155,
      "method": "GET",
      "path": "/api/crm/settings/pipeline-stages",
      "function": "get_pipeline_stages",
      "auth": [
        "get_current_user"
      ],
      "router_var": "router"
    },
    {
      "file": "backend/crm_complete_routes.py",
      "line": 1181,
      "method": "GET",
      "path": "/api/crm/tasks",
      "function": "get_tasks",
      "auth": [],
      "router_var": "router"
    },
    {
      "file": "backend/crm_complete_routes.py",
      "line": 1240,
      "method": "POST",
      "path": "/api/crm/tasks",
      "function": "create_task",
      "auth": [
        "get_current_user"
      ],
      "router_var": "router"
    },
    {
      "file": "backend/crm_complete_routes.py",
      "line": 1282,
      "method": "GET",
      "path": "/api/crm/tasks/{task_id}",
      "function": "get_task",
      "auth": [
        "get_current_user"
      ],
      "router_var": "router"
    },
    {
      "file": "backend/crm_complete_routes.py",
      "line": 1302,
      "method": "PATCH",
      "path": "/api/crm/tasks/{task_id}",
      "function": "update_task",
      "auth": [],
      "router_var": "router"
    },
    {
      "file": "backend/crm_complete_routes.py",
      "line": 1350,
      "method": "DELETE",
      "path": "/api/crm/tasks/{task_id}",
      "function": "delete_task",
      "auth": [
        "get_current_user"
      ],
      "router_var": "router"
    },
    {
      "file": "backend/crm_complete_routes.py",
      "line": 1370,
      "method": "GET",
      "path": "/api/crm/tasks/export/csv",
      "function": "export_tasks_csv",
      "auth": [
        "get_current_user"
      ],
      "router_var": "router"
    },
    {
      "file": "backend/crm_complete_routes.py",
      "line": 1441,
      "method": "GET",
      "path": "/api/crm/emails/templates",
      "function": "get_email_templates",
      "auth": [
        "get_current_user"
      ],
      "router_var": "router"
    },
    {
      "file": "backend/crm_complete_routes.py",
      "line": 1455,
      "method": "POST",
      "path": "/api/crm/emails/templates",
      "function": "create_email_template",
      "auth": [
        "get_current_user"
      ],
      "router_var": "router"
    },
    {
      "file": "backend/crm_complete_routes.py",
      "line": 1474,
      "method": "GET",
      "path": "/api/crm/emails/history",
      "function": "get_email_history",
      "auth": [],
      "router_var": "router"
    },
    {
      "file": "backend/crm_complete_routes.py",
      "line": 1507,
      "method": "POST",
      "path": "/api/crm/emails/send",
      "function": "send_crm_email",
      "auth": [],
      "router_var": "router"
    },
    {
      "file": "backend/crm_complete_routes.py",
      "line": 1618,
      "method": "GET",
      "path": "/api/crm/activities",
      "function": "get_activities",
      "auth": [],
      "router_var": "router"
    },
    {
      "file": "backend/crm_complete_routes.py",
      "line": 1659,
      "method": "POST",
      "path": "/api/crm/lead-from-pack",
      "function": "create_lead_from_pack",
      "auth": [],
      "router_var": "router"
    },
    {
      "file": "backend/crm_routes.py",
      "line": 130,
      "method": "GET",
      "path": "/api/admin/leads",
      "function": "get_leads",
      "auth": [],
      "router_var": "router"
    },
    {
      "file": "backend/crm_routes.py",
      "line": 158,
      "method": "GET",
      "path": "/api/health/crm",
      "function": "crm_health_check",
      "auth": [],
      "router_var": "router"
    },
    {
      "file": "backend/extended_routes.py",
      "line": 232,
      "method": "GET",
      "path": "/api/diag/pdf-header",
      "function": "check_pdf_header",
      "auth": [],
      "router_var": "router"
    },
    {
      "file": "backend/extended_routes.py",
      "line": 268,
      "method": "GET",
      "path": "/api/diag/smtp",
      "function": "check_smtp_config",
      "auth": [],
      "router_var": "router"
    },
    {
      "file": "backend/extended_routes.py",
      "line": 285,
      "method": "POST",
      "path": "/api/contact-expert",
      "function": "contact_expert",
      "auth": [],
      "router_var": "router"
    },
    {
      "file": "backend/extended_routes.py",
      "line": 355,
      "method": "POST",
      "path": "/api/pdf/generate",
      "function": "generate_pdf",
      "auth": [],
      "router_var": "router"
    },
    {
      "file": "backend/extended_routes.py",
      "line": 586,
      "method": "POST",
      "path": "/api/calendar/create-event",
      "function": "create_calendar_event",
      "auth": [],
      "router_var": "router"
    },
    {
      "file": "backend/gdpr_routes.py",
      "line": 71,
      "method": "POST",
      "path": "/api/gdpr/consent",
      "function": "update_consent",
      "auth": [],
      "router_var": "router"
    },
    {
      "file": "backend/gdpr_routes.py",
      "line": 122,
      "method": "GET",
      "path": "/api/gdpr/consent",
      "function": "get_consent",
      "auth": [],
      "router_var": "router"
    },
    {
      "file": "backend/gdpr_routes.py",
      "line": 155,
      "method": "POST",
      "path": "/api/gdpr/track/visit",
      "function": "track_visit",
      "auth": [],
      "router_var": "router"
    },
    {
      "file": "backend/gdpr_routes.py",
      "line": 231,
      "method": "POST",
      "path": "/api/gdpr/newsletter/subscribe",
      "function": "newsletter_subscribe",
      "auth": [],
      "router_var": "router"
    },
    {
      "file": "backend/gdpr_routes.py",
      "line": 307,
      "method": "POST",
      "path": "/api/gdpr/newsletter/unsubscribe",
      "function": "newsletter_unsubscribe",
      "auth": [],
      "router_var": "router"
    },
    {
      "file": "backend/gdpr_routes.py",
      "line": 343,
      "method": "DELETE",
      "path": "/api/gdpr/newsletter/delete-data",
      "function": "newsletter_delete_data",
      "auth": [],
      "router_var": "router"
    },
    {
      "file": "backend/gdpr_routes.py",
      "line": 366,
      "method": "GET",
      "path": "/api/gdpr/my-data",
      "function": "get_my_data",
      "auth": [],
      "router_var": "router"
    },
    {
      "file": "backend/gdpr_routes.py",
      "line": 402,
      "method": "DELETE",
      "path": "/api/gdpr/delete-all-data",
      "function": "delete_all_data",
      "auth": [],
      "router_var": "router"
    },
    {
      "file": "backend/invoice_routes.py",
      "line": 457,
      "method": "GET",
      "path": "/api/invoices/",
      "function": "list_invoices",
      "auth": [],
      "router_var": "router"
    },
    {
      "file": "backend/invoice_routes.py",
      "line": 488,
      "method": "POST",
      "path": "/api/invoices/",
      "function": "create_invoice",
      "auth": [],
      "router_var": "router"
    },
    {
      "file": "backend/invoice_routes.py",
      "line": 563,
      "method": "GET",
      "path": "/api/invoices/{invoice_id}",
      "function": "get_invoice",
      "auth": [],
      "router_var": "router"
    },
    {
      "file": "backend/invoice_routes.py",
      "line": 585,
      "method": "POST",
      "path": "/api/invoices/{invoice_id}/generate-pdf",
      "function": "generate_pdf_for_invoice",
      "auth": [],
      "router_var": "router"
    },
    {
      "file": "backend/invoice_routes.py",
      "line": 639,
      "method": "POST",
      "path": "/api/invoices/{invoice_id}/send",
      "function": "send_invoice",
      "auth": [],
      "router_var": "router"
    },
    {
      "file": "backend/invoice_routes.py",
      "line": 714,
      "method": "PATCH",
      "path": "/api/invoices/{invoice_id}",
      "function": "update_invoice",
      "auth": [],
      "router_var": "router"
    },
    {
      "file": "backend/invoice_routes.py",
      "line": 758,
      "method": "DELETE",
      "path": "/api/invoices/{invoice_id}",
      "function": "delete_invoice",
      "auth": [],
      "router_var": "router"
    },
    {
      "file": "backend/invoice_routes.py",
      "line": 789,
      "method": "GET",
      "path": "/api/invoices/stats/overview",
      "function": "get_invoice_stats",
      "auth": [
        "get_current_user"
      ],
      "router_var": "router"
    },
    {
      "file": "backend/mini_analysis_routes.py",
      "line": 108,
      "method": "GET",
      "path": "/api/diag-gemini",
      "function": "diagnose_gemini",
      "auth": [],
      "router_var": "router"
    },
    {
      "file": "backend/mini_analysis_routes.py",
      "line": 147,
      "method": "GET",
      "path": "/api/diag-smtp",
      "function": "diagnose_smtp",
      "auth": [],
      "router_var": "router"
    },
    {
      "file": "backend/mini_analysis_routes.py",
      "line": 847,
      "method": "GET",
      "path": "/api/mini-analysis/debug",
      "function": "debug_mini_analysis",
      "auth": [],
      "router_var": "router"
    },
    {
      "file": "backend/mini_analysis_routes.py",
      "line": 881,
      "method": "POST",
      "path": "/api/admin/test-gemini-multilang",
      "function": "test_gemini_multilang_admin",
      "auth": [],
      "router_var": "router"
    },
    {
      "file": "backend/mini_analysis_routes.py",
      "line": 975,
      "method": "POST",
      "path": "/api/mini-analysis",
      "function": "generate_mini_analysis",
      "auth": [],
      "router_var": "router"
    },
    {
      "file": "backend/mini_analysis_routes.py",
      "line": 1405,
      "method": "POST",
      "path": "/api/pdf/generate",
      "function": "generate_pdf_endpoint",
      "auth": [],
      "router_var": "router"
    },
    {
      "file": "backend/mini_analysis_routes.py",
      "line": 1445,
      "method": "POST",
      "path": "/api/email/send-pdf",
      "function": "send_pdf_email_endpoint",
      "auth": [],
      "router_var": "router"
    },
    {
      "file": "backend/monetico_routes.py",
      "line": 181,
      "method": "GET",
      "path": "/api/monetico/config",
      "function": "get_monetico_config",
      "auth": [],
      "router_var": "router"
    },
    {
      "file": "backend/monetico_routes.py",
      "line": 193,
      "method": "POST",
      "path": "/api/monetico/init-payment",
      "function": "init_payment_public",
      "auth": [],
      "router_var": "router"
    },
    {
      "file": "backend/monetico_routes.py",
      "line": 274,
      "method": "POST",
      "path": "/api/monetico/init",
      "function": "init_payment",
      "auth": [],
      "router_var": "router"
    },
    {
      "file": "backend/monetico_routes.py",
      "line": 316,
      "method": "POST",
      "path": "/api/monetico/notify",
      "function": "monetico_notify",
      "auth": [],
      "router_var": "router"
    },
    {
      "file": "backend/monetico_routes.py",
      "line": 447,
      "method": "GET",
      "path": "/api/monetico/payment/{payment_id}",
      "function": "get_payment_status",
      "auth": [],
      "router_var": "router"
    },
    {
      "file": "backend/monetico_routes.py",
      "line": 467,
      "method": "GET",
      "path": "/api/monetico/payments",
      "function": "list_payments",
      "auth": [],
      "router_var": "router"
    },
    {
      "file": "backend/quota_queue_routes.py",
      "line": 52,
      "method": "POST",
      "path": "/api/quota/queue-analysis",
      "function": "queue_analysis",
      "auth": [],
      "router_var": "router"
    },
    {
      "file": "backend/quota_queue_routes.py",
      "line": 146,
      "method": "GET",
      "path": "/api/quota/queue-status/{queue_id}",
      "function": "get_queue_status",
      "auth": [],
      "router_var": "router"
    },
    {
      "file": "backend/quota_queue_routes.py",
      "line": 172,
      "method": "GET",
      "path": "/api/quota/admin/pending-analyses",
      "function": "get_pending_analyses",
      "auth": [],
      "router_var": "router"
    },
    {
      "file": "backend/quota_queue_routes.py",
      "line": 211,
      "method": "POST",
      "path": "/api/quota/admin/process-pending/{queue_id}",
      "function": "process_pending_analysis",
      "auth": [],
      "router_var": "router"
    },
    {
      "file": "backend/quota_queue_routes.py",
      "line": 257,
      "method": "POST",
      "path": "/api/quota/admin/retry-failed",
      "function": "retry_failed_analyses",
      "auth": [],
      "router_var": "router"
    },
    {
      "file": "backend/server.py",
      "line": 114,
      "method": "GET",
      "path": "/api/debug/routers",
      "function": "debug_routers",
      "auth": [],
      "router_var": "app"
    },
    {
      "file": "backend/server.py",
      "line": 134,
      "method": "GET",
      "path": "/api/health",
      "function": "root_health",
      "auth": [],
      "router_var": "app"
    },
    {
      "file": "backend/server.py",
      "line": 139,
      "method": "GET",
      "path": "/api/",
      "function": "root",
      "auth": [],
      "router_var": "app"
    },
    {
      "file": "backend/server.py",
      "line": 237,
      "method": "GET",
      "path": "/api/debug/headers",
      "function": "debug_headers",
      "auth": [],
      "router_var": "api_router"
    },
    {
      "file": "backend/server.py",
      "line": 252,
      "method": "GET",
      "path": "/api/health",
      "function": "health_check",
      "auth": [],
      "router_var": "api_router"
    },
    {
      "file": "backend/server.py",
      "line": 448,
      "method": "GET",
      "path": "/api/",
      "function": "root",
      "auth": [],
      "router_var": "api_router"
    },
    {
      "file": "backend/server.py",
      "line": 453,
      "method": "POST",
      "path": "/api/contact",
      "function": "create_contact",
      "auth": [],
      "router_var": "api_router"
    },
    {
      "file": "backend/server.py",
      "line": 522,
      "method": "GET",
      "path": "/api/contacts",
      "function": "get_contacts",
      "auth": [],
      "router_var": "api_router"
    },
    {
      "file": "backend/server.py",
      "line": 534,
      "method": "POST",
      "path": "/api/cart",
      "function": "add_to_cart",
      "auth": [],
      "router_var": "api_router"
    },
    {
      "file": "backend/server.py",
      "line": 546,
      "method": "GET",
      "path": "/api/cart",
      "function": "get_cart",
      "auth": [],
      "router_var": "api_router"
    },
    {
      "file": "backend/server.py",
      "line": 558,
      "method": "GET",
      "path": "/api/detect-location",
      "function": "detect_location",
      "auth": [],
      "router_var": "api_router"
    },
    {
      "file": "backend/server.py",
      "line": 644,
      "method": "GET",
      "path": "/api/cms/content",
      "function": "get_cms_content",
      "auth": [
        "get_current_user"
      ],
      "router_var": "api_router"
    },
    {
      "file": "backend/server.py",
      "line": 660,
      "method": "POST",
      "path": "/api/cms/content",
      "function": "save_cms_content",
      "auth": [
        "get_current_user"
      ],
      "router_var": "api_router"
    },
    {
      "file": "backend/server.py",
      "line": 690,
      "method": "POST",
      "path": "/api/admin/bootstrap",
      "function": "bootstrap_admin",
      "auth": [],
      "router_var": "api_router"
    },
    {
      "file": "backend/server.py",
      "line": 726,
      "method": "POST",
      "path": "/api/admin/login",
      "function": "admin_login",
      "auth": [],
      "router_var": "api_router"
    },
    {
      "file": "backend/server.py",
      "line": 747,
      "method": "GET",
      "path": "/api/admin/verify",
      "function": "verify_admin_token",
      "auth": [
        "get_current_user"
      ],
      "router_var": "api_router"
    },
    {
      "file": "backend/server.py",
      "line": 755,
      "method": "GET",
      "path": "/api/admin/contacts",
      "function": "get_all_contacts",
      "auth": [
        "get_current_user"
      ],
      "router_var": "api_router"
    },
    {
      "file": "backend/server.py",
      "line": 767,
      "method": "GET",
      "path": "/api/admin/stats",
      "function": "get_stats",
      "auth": [
        "get_current_user"
      ],
      "router_var": "api_router"
    },
    {
      "file": "backend/server.py",
      "line": 832,
      "method": "POST",
      "path": "/api/monetico/init-payment",
      "function": "init_monetico_payment",
      "auth": [],
      "router_var": "api_router"
    },
    {
      "file": "backend/server.py",
      "line": 876,
      "method": "POST",
      "path": "/api/monetico/callback",
      "function": "monetico_callback",
      "auth": [],
      "router_var": "api_router"
    },
    {
      "file": "backend/tracking_routes.py",
      "line": 47,
      "method": "POST",
      "path": "/api/track/visit",
      "function": "track_visit",
      "auth": [],
      "router_var": "router"
    },
    {
      "file": "backend/tracking_routes.py",
      "line": 103,
      "method": "GET",
      "path": "/api/track/stats",
      "function": "get_visit_stats",
      "auth": [],
      "router_var": "router"
    }
  ],
  "stats_by_method": {
    "GET": 57,
    "POST": 43,
    "PUT": 5,
    "DELETE": 8,
    "PATCH": 2
  },
  "stats_by_file": {
    "backend/admin_routes.py": 4,
    "backend/admin_user_routes.py": 5,
    "backend/ai_routes.py": 1,
    "backend/auth_middleware.py": 3,
    "backend/crm_complete_routes.py": 39,
    "backend/crm_routes.py": 2,
    "backend/extended_routes.py": 5,
    "backend/gdpr_routes.py": 8,
    "backend/invoice_routes.py": 8,
    "backend/mini_analysis_routes.py": 7,
    "backend/monetico_routes.py": 6,
    "backend/quota_queue_routes.py": 5,
    "backend/server.py": 20,
    "backend/tracking_routes.py": 2
  }
}