{
  "stats": {
    "total_frontend_calls": 129,
    "matched_yes": 55,
    "matched_partial": 0,
    "matched_no": 74
  },
  "matching_table": [
    {
      "frontend_call_id": 0,
      "frontend_file": "src\\components\\CRMTabs.js",
      "frontend_line": 29,
      "frontend_method": "GET",
      "frontend_url": "/crm/leads/export/csv",
      "backend_route_id": null,
      "backend_file": null,
      "backend_line": null,
      "backend_path": null,
      "match": "NO",
      "diffs": {},
      "impact": "BUG_P1 - Route backend manquante"
    },
    {
      "frontend_call_id": 1,
      "frontend_file": "src\\components\\CRMTabs.js",
      "frontend_line": 46,
      "frontend_method": "PUT",
      "frontend_url": "/crm/leads/${leadId}",
      "backend_route_id": null,
      "backend_file": null,
      "backend_line": null,
      "backend_path": null,
      "match": "NO",
      "diffs": {},
      "impact": "BUG_P1 - Route backend manquante"
    },
    {
      "frontend_call_id": 2,
      "frontend_file": "src\\components\\CRMTabs.js",
      "frontend_line": 56,
      "frontend_method": "POST",
      "frontend_url": "/crm/leads/${leadId}/notes",
      "backend_route_id": null,
      "backend_file": null,
      "backend_line": null,
      "backend_path": null,
      "match": "NO",
      "diffs": {},
      "impact": "BUG_P1 - Route backend manquante"
    },
    {
      "frontend_call_id": 3,
      "frontend_file": "src\\components\\CRMTabs.js",
      "frontend_line": 68,
      "frontend_method": "POST",
      "frontend_url": "/crm/leads/${leadId}/convert-to-contact",
      "backend_route_id": null,
      "backend_file": null,
      "backend_line": null,
      "backend_path": null,
      "match": "NO",
      "diffs": {},
      "impact": "BUG_P1 - Route backend manquante"
    },
    {
      "frontend_call_id": 4,
      "frontend_file": "src\\components\\CookieConsentBanner.js",
      "frontend_line": 33,
      "frontend_method": "POST",
      "frontend_url": "/api/gdpr/consent",
      "backend_route_id": 59,
      "backend_file": "backend/gdpr_routes.py",
      "backend_line": 71,
      "backend_path": "/api/gdpr/consent",
      "match": "YES",
      "diffs": {},
      "impact": "NONE"
    },
    {
      "frontend_call_id": 5,
      "frontend_file": "src\\components\\CookieConsentBanner.js",
      "frontend_line": 46,
      "frontend_method": "POST",
      "frontend_url": "/api/gdpr/consent",
      "backend_route_id": 59,
      "backend_file": "backend/gdpr_routes.py",
      "backend_line": 71,
      "backend_path": "/api/gdpr/consent",
      "match": "YES",
      "diffs": {},
      "impact": "NONE"
    },
    {
      "frontend_call_id": 6,
      "frontend_file": "src\\components\\CookieConsentBanner.js",
      "frontend_line": 58,
      "frontend_method": "POST",
      "frontend_url": "/api/gdpr/consent",
      "backend_route_id": 59,
      "backend_file": "backend/gdpr_routes.py",
      "backend_line": 71,
      "backend_path": "/api/gdpr/consent",
      "match": "YES",
      "diffs": {},
      "impact": "NONE"
    },
    {
      "frontend_call_id": 7,
      "frontend_file": "src\\components\\crm\\ActivitiesTab.js",
      "frontend_line": 57,
      "frontend_method": "GET",
      "frontend_url": "/api/crm/activities",
      "backend_route_id": 50,
      "backend_file": "backend/crm_complete_routes.py",
      "backend_line": 1618,
      "backend_path": "/api/crm/activities",
      "match": "YES",
      "diffs": {},
      "impact": "NONE"
    },
    {
      "frontend_call_id": 8,
      "frontend_file": "src\\components\\crm\\ContactsTab.js",
      "frontend_line": 25,
      "frontend_method": "POST",
      "frontend_url": "/api/crm/contacts",
      "backend_route_id": 30,
      "backend_file": "backend/crm_complete_routes.py",
      "backend_line": 890,
      "backend_path": "/api/crm/contacts",
      "match": "YES",
      "diffs": {},
      "impact": "NONE"
    },
    {
      "frontend_call_id": 9,
      "frontend_file": "src\\components\\crm\\ContactsTab.js",
      "frontend_line": 41,
      "frontend_method": "PUT",
      "frontend_url": "/api/crm/contacts/${editingContact._id || editingContact.contact_id}",
      "backend_route_id": 31,
      "backend_file": "backend/crm_complete_routes.py",
      "backend_line": 916,
      "backend_path": "/api/crm/contacts/{contact_id}",
      "match": "YES",
      "diffs": {
        "path_variables": "matched"
      },
      "impact": "NONE"
    },
    {
      "frontend_call_id": 10,
      "frontend_file": "src\\components\\crm\\ContactsTab.js",
      "frontend_line": 58,
      "frontend_method": "DELETE",
      "frontend_url": "/api/crm/contacts/${contactId}",
      "backend_route_id": 32,
      "backend_file": "backend/crm_complete_routes.py",
      "backend_line": 942,
      "backend_path": "/api/crm/contacts/{contact_id}",
      "match": "YES",
      "diffs": {
        "path_variables": "matched"
      },
      "impact": "NONE"
    },
    {
      "frontend_call_id": 11,
      "frontend_file": "src\\components\\crm\\ContactsTab.js",
      "frontend_line": 72,
      "frontend_method": "POST",
      "frontend_url": "/api/crm/opportunities",
      "backend_route_id": 25,
      "backend_file": "backend/crm_complete_routes.py",
      "backend_line": 707,
      "backend_path": "/api/crm/opportunities",
      "match": "YES",
      "diffs": {},
      "impact": "NONE"
    },
    {
      "frontend_call_id": 12,
      "frontend_file": "src\\components\\crm\\EmailModal.js",
      "frontend_line": 250,
      "frontend_method": "POST",
      "frontend_url": "/api/crm/emails/send",
      "backend_route_id": 49,
      "backend_file": "backend/crm_complete_routes.py",
      "backend_line": 1507,
      "backend_path": "/api/crm/emails/send",
      "match": "YES",
      "diffs": {},
      "impact": "NONE"
    },
    {
      "frontend_call_id": 13,
      "frontend_file": "src\\components\\crm\\EmailsTab.js",
      "frontend_line": 33,
      "frontend_method": "GET",
      "frontend_url": "/api/crm/emails/templates",
      "backend_route_id": 46,
      "backend_file": "backend/crm_complete_routes.py",
      "backend_line": 1441,
      "backend_path": "/api/crm/emails/templates",
      "match": "YES",
      "diffs": {},
      "impact": "NONE"
    },
    {
      "frontend_call_id": 14,
      "frontend_file": "src\\components\\crm\\EmailsTab.js",
      "frontend_line": 47,
      "frontend_method": "POST",
      "frontend_url": "/api/crm/emails/templates",
      "backend_route_id": 47,
      "backend_file": "backend/crm_complete_routes.py",
      "backend_line": 1455,
      "backend_path": "/api/crm/emails/templates",
      "match": "YES",
      "diffs": {},
      "impact": "NONE"
    },
    {
      "frontend_call_id": 15,
      "frontend_file": "src\\components\\crm\\LeadsTab.js",
      "frontend_line": 31,
      "frontend_method": "POST",
      "frontend_url": "/api/crm/leads",
      "backend_route_id": 17,
      "backend_file": "backend/crm_complete_routes.py",
      "backend_line": 377,
      "backend_path": "/api/crm/leads",
      "match": "YES",
      "diffs": {},
      "impact": "NONE"
    },
    {
      "frontend_call_id": 16,
      "frontend_file": "src\\components\\crm\\LeadsTab.js",
      "frontend_line": 54,
      "frontend_method": "GET",
      "frontend_url": "/api/crm/leads/export",
      "backend_route_id": 16,
      "backend_file": "backend/crm_complete_routes.py",
      "backend_line": 342,
      "backend_path": "/api/crm/leads/{lead_id}",
      "match": "YES",
      "diffs": {
        "path_variables": "matched"
      },
      "impact": "NONE"
    },
    {
      "frontend_call_id": 17,
      "frontend_file": "src\\components\\crm\\LeadsTab.js",
      "frontend_line": 74,
      "frontend_method": "POST",
      "frontend_url": "/api/crm/leads/${leadId}/notes",
      "backend_route_id": 20,
      "backend_file": "backend/crm_complete_routes.py",
      "backend_line": 486,
      "backend_path": "/api/crm/leads/{lead_id}/notes",
      "match": "YES",
      "diffs": {
        "path_variables": "matched"
      },
      "impact": "NONE"
    },
    {
      "frontend_call_id": 18,
      "frontend_file": "src\\components\\crm\\LeadsTab.js",
      "frontend_line": 88,
      "frontend_method": "PUT",
      "frontend_url": "/api/crm/leads/${leadId}",
      "backend_route_id": 18,
      "backend_file": "backend/crm_complete_routes.py",
      "backend_line": 424,
      "backend_path": "/api/crm/leads/{lead_id}",
      "match": "YES",
      "diffs": {
        "path_variables": "matched"
      },
      "impact": "NONE"
    },
    {
      "frontend_call_id": 19,
      "frontend_file": "src\\components\\crm\\LeadsTab.js",
      "frontend_line": 102,
      "frontend_method": "POST",
      "frontend_url": "/api/crm/opportunities",
      "backend_route_id": 25,
      "backend_file": "backend/crm_complete_routes.py",
      "backend_line": 707,
      "backend_path": "/api/crm/opportunities",
      "match": "YES",
      "diffs": {},
      "impact": "NONE"
    },
    {
      "frontend_call_id": 20,
      "frontend_file": "src\\components\\crm\\LeadsTab.js",
      "frontend_line": 136,
      "frontend_method": "POST",
      "frontend_url": "/api/crm/leads/${leadId}/convert-to-contact",
      "backend_route_id": 21,
      "backend_file": "backend/crm_complete_routes.py",
      "backend_line": 507,
      "backend_path": "/api/crm/leads/{lead_id}/convert-to-contact",
      "match": "YES",
      "diffs": {
        "path_variables": "matched"
      },
      "impact": "NONE"
    },
    {
      "frontend_call_id": 21,
      "frontend_file": "src\\components\\crm\\OpportunitiesTab.js",
      "frontend_line": 38,
      "frontend_method": "GET",
      "frontend_url": "/api/crm/opportunities",
      "backend_route_id": 24,
      "backend_file": "backend/crm_complete_routes.py",
      "backend_line": 663,
      "backend_path": "/api/crm/opportunities",
      "match": "YES",
      "diffs": {},
      "impact": "NONE"
    },
    {
      "frontend_call_id": 22,
      "frontend_file": "src\\components\\crm\\OpportunitiesTab.js",
      "frontend_line": 53,
      "frontend_method": "POST",
      "frontend_url": "/api/crm/opportunities",
      "backend_route_id": 25,
      "backend_file": "backend/crm_complete_routes.py",
      "backend_line": 707,
      "backend_path": "/api/crm/opportunities",
      "match": "YES",
      "diffs": {},
      "impact": "NONE"
    },
    {
      "frontend_call_id": 23,
      "frontend_file": "src\\components\\crm\\OpportunitiesTab.js",
      "frontend_line": 73,
      "frontend_method": "PUT",
      "frontend_url": "/api/crm/opportunities/${editingOpp._id || editingOpp.opportunity_id}",
      "backend_route_id": 26,
      "backend_file": "backend/crm_complete_routes.py",
      "backend_line": 737,
      "backend_path": "/api/crm/opportunities/{opp_id}",
      "match": "YES",
      "diffs": {
        "path_variables": "matched"
      },
      "impact": "NONE"
    },
    {
      "frontend_call_id": 24,
      "frontend_file": "src\\components\\crm\\OpportunitiesTab.js",
      "frontend_line": 94,
      "frontend_method": "DELETE",
      "frontend_url": "/api/crm/opportunities/${oppId}",
      "backend_route_id": 27,
      "backend_file": "backend/crm_complete_routes.py",
      "backend_line": 784,
      "backend_path": "/api/crm/opportunities/{opp_id}",
      "match": "YES",
      "diffs": {
        "path_variables": "matched"
      },
      "impact": "NONE"
    },
    {
      "frontend_call_id": 25,
      "frontend_file": "src\\components\\crm\\PipelineTab.js",
      "frontend_line": 24,
      "frontend_method": "PUT",
      "frontend_url": "/api/crm/pipeline/opportunities/${oppId}",
      "backend_route_id": null,
      "backend_file": null,
      "backend_line": null,
      "backend_path": null,
      "match": "NO",
      "diffs": {},
      "impact": "BUG_P1 - Route backend manquante"
    },
    {
      "frontend_call_id": 26,
      "frontend_file": "src\\components\\crm\\SettingsTab.js",
      "frontend_line": 18,
      "frontend_method": "POST",
      "frontend_url": "/api/crm/settings/users",
      "backend_route_id": 34,
      "backend_file": "backend/crm_complete_routes.py",
      "backend_line": 990,
      "backend_path": "/api/crm/settings/users",
      "match": "YES",
      "diffs": {},
      "impact": "NONE"
    },
    {
      "frontend_call_id": 27,
      "frontend_file": "src\\components\\crm\\SettingsTab.js",
      "frontend_line": 34,
      "frontend_method": "DELETE",
      "frontend_url": "/api/crm/settings/users/${userId}",
      "backend_route_id": null,
      "backend_file": null,
      "backend_line": null,
      "backend_path": null,
      "match": "NO",
      "diffs": {},
      "impact": "BUG_P1 - Route backend manquante"
    },
    {
      "frontend_call_id": 28,
      "frontend_file": "src\\components\\crm\\SettingsTab.js",
      "frontend_line": 56,
      "frontend_method": "POST",
      "frontend_url": "/api/crm/settings/users/change-password",
      "backend_route_id": 36,
      "backend_file": "backend/crm_complete_routes.py",
      "backend_line": 1078,
      "backend_path": "/api/crm/settings/users/change-password",
      "match": "YES",
      "diffs": {},
      "impact": "NONE"
    },
    {
      "frontend_call_id": 29,
      "frontend_file": "src\\components\\crm\\SettingsTab.js",
      "frontend_line": 74,
      "frontend_method": "POST",
      "frontend_url": "/api/crm/settings/tags",
      "backend_route_id": 38,
      "backend_file": "backend/crm_complete_routes.py",
      "backend_line": 1137,
      "backend_path": "/api/crm/settings/tags",
      "match": "YES",
      "diffs": {},
      "impact": "NONE"
    },
    {
      "frontend_call_id": 30,
      "frontend_file": "src\\components\\crm\\UsersTab.js",
      "frontend_line": 33,
      "frontend_method": "GET",
      "frontend_url": "/api/admin/users",
      "backend_route_id": 4,
      "backend_file": "backend/admin_user_routes.py",
      "backend_line": 52,
      "backend_path": "/api/admin/users",
      "match": "YES",
      "diffs": {},
      "impact": "NONE"
    },
    {
      "frontend_call_id": 31,
      "frontend_file": "src\\components\\crm\\UsersTab.js",
      "frontend_line": 65,
      "frontend_method": "PUT",
      "frontend_url": "/api/admin/users/${editingUser._id || editingUser.id}",
      "backend_route_id": 6,
      "backend_file": "backend/admin_user_routes.py",
      "backend_line": 160,
      "backend_path": "/api/admin/users/{user_id}",
      "match": "YES",
      "diffs": {
        "path_variables": "matched"
      },
      "impact": "NONE"
    },
    {
      "frontend_call_id": 32,
      "frontend_file": "src\\components\\crm\\UsersTab.js",
      "frontend_line": 69,
      "frontend_method": "POST",
      "frontend_url": "/api/admin/users",
      "backend_route_id": 5,
      "backend_file": "backend/admin_user_routes.py",
      "backend_line": 91,
      "backend_path": "/api/admin/users",
      "match": "YES",
      "diffs": {},
      "impact": "NONE"
    },
    {
      "frontend_call_id": 33,
      "frontend_file": "src\\components\\crm\\UsersTab.js",
      "frontend_line": 93,
      "frontend_method": "DELETE",
      "frontend_url": "/api/admin/users/${userId}",
      "backend_route_id": 7,
      "backend_file": "backend/admin_user_routes.py",
      "backend_line": 228,
      "backend_path": "/api/admin/users/{user_id}",
      "match": "YES",
      "diffs": {
        "path_variables": "matched"
      },
      "impact": "NONE"
    },
    {
      "frontend_call_id": 34,
      "frontend_file": "src\\pages\\DemandeRappel.js",
      "frontend_line": 51,
      "frontend_method": "POST",
      "frontend_url": "/crm/lead-from-pack",
      "backend_route_id": null,
      "backend_file": null,
      "backend_line": null,
      "backend_path": null,
      "match": "NO",
      "diffs": {},
      "impact": "BUG_P1 - Route backend manquante"
    },
    {
      "frontend_call_id": 35,
      "frontend_file": "src\\pages\\Payment.js",
      "frontend_line": 66,
      "frontend_method": "POST",
      "frontend_url": "/api/monetico/init-payment",
      "backend_route_id": 83,
      "backend_file": "backend/monetico_routes.py",
      "backend_line": 193,
      "backend_path": "/api/monetico/init-payment",
      "match": "YES",
      "diffs": {},
      "impact": "NONE"
    },
    {
      "frontend_call_id": 36,
      "frontend_file": "src\\pages\\admin\\AdminCRMComplete.js",
      "frontend_line": 149,
      "frontend_method": "GET",
      "frontend_url": "/api/crm/dashboard/stats",
      "backend_route_id": 14,
      "backend_file": "backend/crm_complete_routes.py",
      "backend_line": 211,
      "backend_path": "/api/crm/dashboard/stats",
      "match": "YES",
      "diffs": {},
      "impact": "NONE"
    },
    {
      "frontend_call_id": 37,
      "frontend_file": "src\\pages\\admin\\AdminCRMComplete.js",
      "frontend_line": 153,
      "frontend_method": "GET",
      "frontend_url": "/api/crm/leads",
      "backend_route_id": 15,
      "backend_file": "backend/crm_complete_routes.py",
      "backend_line": 284,
      "backend_path": "/api/crm/leads",
      "match": "YES",
      "diffs": {},
      "impact": "NONE"
    },
    {
      "frontend_call_id": 38,
      "frontend_file": "src\\pages\\admin\\AdminCRMComplete.js",
      "frontend_line": 157,
      "frontend_method": "GET",
      "frontend_url": "/api/crm/pipeline",
      "backend_route_id": 23,
      "backend_file": "backend/crm_complete_routes.py",
      "backend_line": 624,
      "backend_path": "/api/crm/pipeline",
      "match": "YES",
      "diffs": {},
      "impact": "NONE"
    },
    {
      "frontend_call_id": 39,
      "frontend_file": "src\\pages\\admin\\AdminCRMComplete.js",
      "frontend_line": 161,
      "frontend_method": "GET",
      "frontend_url": "/api/crm/contacts",
      "backend_route_id": 28,
      "backend_file": "backend/crm_complete_routes.py",
      "backend_line": 817,
      "backend_path": "/api/crm/contacts",
      "match": "YES",
      "diffs": {},
      "impact": "NONE"
    },
    {
      "frontend_call_id": 40,
      "frontend_file": "src\\pages\\admin\\AdminCRMComplete.js",
      "frontend_line": 166,
      "frontend_method": "GET",
      "frontend_url": "/api/crm/settings/users",
      "backend_route_id": 33,
      "backend_file": "backend/crm_complete_routes.py",
      "backend_line": 970,
      "backend_path": "/api/crm/settings/users",
      "match": "YES",
      "diffs": {},
      "impact": "NONE"
    },
    {
      "frontend_call_id": 41,
      "frontend_file": "src\\pages\\admin\\AdminCRMComplete.js",
      "frontend_line": 167,
      "frontend_method": "GET",
      "frontend_url": "/api/crm/settings/tags",
      "backend_route_id": 37,
      "backend_file": "backend/crm_complete_routes.py",
      "backend_line": 1124,
      "backend_path": "/api/crm/settings/tags",
      "match": "YES",
      "diffs": {},
      "impact": "NONE"
    },
    {
      "frontend_call_id": 42,
      "frontend_file": "src\\pages\\admin\\AdminCRMComplete.js",
      "frontend_line": 168,
      "frontend_method": "GET",
      "frontend_url": "/api/crm/settings/pipeline-stages",
      "backend_route_id": 39,
      "backend_file": "backend/crm_complete_routes.py",
      "backend_line": 1155,
      "backend_path": "/api/crm/settings/pipeline-stages",
      "match": "YES",
      "diffs": {},
      "impact": "NONE"
    },
    {
      "frontend_call_id": 43,
      "frontend_file": "src\\pages\\admin\\AdminCRMComplete.js",
      "frontend_line": 190,
      "frontend_method": "GET",
      "frontend_url": "/api/crm/leads",
      "backend_route_id": 15,
      "backend_file": "backend/crm_complete_routes.py",
      "backend_line": 284,
      "backend_path": "/api/crm/leads",
      "match": "YES",
      "diffs": {},
      "impact": "NONE"
    },
    {
      "frontend_call_id": 44,
      "frontend_file": "src\\pages\\admin\\AdminCRMComplete.js",
      "frontend_line": 193,
      "frontend_method": "GET",
      "frontend_url": "/api/crm/contacts",
      "backend_route_id": 28,
      "backend_file": "backend/crm_complete_routes.py",
      "backend_line": 817,
      "backend_path": "/api/crm/contacts",
      "match": "YES",
      "diffs": {},
      "impact": "NONE"
    },
    {
      "frontend_call_id": 45,
      "frontend_file": "src\\pages\\admin\\AdminCRMComplete.js",
      "frontend_line": 196,
      "frontend_method": "GET",
      "frontend_url": "/api/crm/pipeline",
      "backend_route_id": 23,
      "backend_file": "backend/crm_complete_routes.py",
      "backend_line": 624,
      "backend_path": "/api/crm/pipeline",
      "match": "YES",
      "diffs": {},
      "impact": "NONE"
    },
    {
      "frontend_call_id": 46,
      "frontend_file": "src\\pages\\admin\\AdminCRMComplete.js",
      "frontend_line": 199,
      "frontend_method": "GET",
      "frontend_url": "/api/crm/dashboard/stats",
      "backend_route_id": 14,
      "backend_file": "backend/crm_complete_routes.py",
      "backend_line": 211,
      "backend_path": "/api/crm/dashboard/stats",
      "match": "YES",
      "diffs": {},
      "impact": "NONE"
    },
    {
      "frontend_call_id": 47,
      "frontend_file": "src\\pages\\admin\\ContactDetail.js",
      "frontend_line": 35,
      "frontend_method": "GET",
      "frontend_url": "/api/crm/contacts/${id}",
      "backend_route_id": 29,
      "backend_file": "backend/crm_complete_routes.py",
      "backend_line": 858,
      "backend_path": "/api/crm/contacts/{contact_id}",
      "match": "YES",
      "diffs": {
        "path_variables": "matched"
      },
      "impact": "NONE"
    },
    {
      "frontend_call_id": 48,
      "frontend_file": "src\\pages\\admin\\ContactDetail.js",
      "frontend_line": 40,
      "frontend_method": "GET",
      "frontend_url": "/api/crm/opportunities",
      "backend_route_id": 24,
      "backend_file": "backend/crm_complete_routes.py",
      "backend_line": 663,
      "backend_path": "/api/crm/opportunities",
      "match": "YES",
      "diffs": {},
      "impact": "NONE"
    },
    {
      "frontend_call_id": 49,
      "frontend_file": "src\\pages\\admin\\ContactDetail.js",
      "frontend_line": 58,
      "frontend_method": "PUT",
      "frontend_url": "/api/crm/contacts/${id}",
      "backend_route_id": 31,
      "backend_file": "backend/crm_complete_routes.py",
      "backend_line": 916,
      "backend_path": "/api/crm/contacts/{contact_id}",
      "match": "YES",
      "diffs": {
        "path_variables": "matched"
      },
      "impact": "NONE"
    },
    {
      "frontend_call_id": 50,
      "frontend_file": "src\\pages\\admin\\ContactDetail.js",
      "frontend_line": 72,
      "frontend_method": "DELETE",
      "frontend_url": "/api/crm/contacts/${id}",
      "backend_route_id": 32,
      "backend_file": "backend/crm_complete_routes.py",
      "backend_line": 942,
      "backend_path": "/api/crm/contacts/{contact_id}",
      "match": "YES",
      "diffs": {
        "path_variables": "matched"
      },
      "impact": "NONE"
    },
    {
      "frontend_call_id": 51,
      "frontend_file": "src\\pages\\admin\\ContactDetail.js",
      "frontend_line": 87,
      "frontend_method": "POST",
      "frontend_url": "/api/crm/opportunities",
      "backend_route_id": 25,
      "backend_file": "backend/crm_complete_routes.py",
      "backend_line": 707,
      "backend_path": "/api/crm/opportunities",
      "match": "YES",
      "diffs": {},
      "impact": "NONE"
    },
    {
      "frontend_call_id": 52,
      "frontend_file": "src\\pages\\admin\\ContactsPage.js",
      "frontend_line": 26,
      "frontend_method": "GET",
      "frontend_url": "/api/crm/contacts",
      "backend_route_id": 28,
      "backend_file": "backend/crm_complete_routes.py",
      "backend_line": 817,
      "backend_path": "/api/crm/contacts",
      "match": "YES",
      "diffs": {},
      "impact": "NONE"
    },
    {
      "frontend_call_id": 53,
      "frontend_file": "src\\pages\\admin\\DashboardPage.js",
      "frontend_line": 23,
      "frontend_method": "GET",
      "frontend_url": "/api/crm/dashboard/stats",
      "backend_route_id": 14,
      "backend_file": "backend/crm_complete_routes.py",
      "backend_line": 211,
      "backend_path": "/api/crm/dashboard/stats",
      "match": "YES",
      "diffs": {},
      "impact": "NONE"
    },
    {
      "frontend_call_id": 54,
      "frontend_file": "src\\pages\\admin\\LeadDetail.js",
      "frontend_line": 37,
      "frontend_method": "GET",
      "frontend_url": "/api/crm/leads/${id}",
      "backend_route_id": 16,
      "backend_file": "backend/crm_complete_routes.py",
      "backend_line": 342,
      "backend_path": "/api/crm/leads/{lead_id}",
      "match": "YES",
      "diffs": {
        "path_variables": "matched"
      },
      "impact": "NONE"
    },
    {
      "frontend_call_id": 55,
      "frontend_file": "src\\pages\\admin\\LeadDetail.js",
      "frontend_line": 52,
      "frontend_method": "PUT",
      "frontend_url": "/api/crm/leads/${id}",
      "backend_route_id": 18,
      "backend_file": "backend/crm_complete_routes.py",
      "backend_line": 424,
      "backend_path": "/api/crm/leads/{lead_id}",
      "match": "YES",
      "diffs": {
        "path_variables": "matched"
      },
      "impact": "NONE"
    },
    {
      "frontend_call_id": 56,
      "frontend_file": "src\\pages\\admin\\LeadDetail.js",
      "frontend_line": 66,
      "frontend_method": "DELETE",
      "frontend_url": "/api/crm/leads/${id}",
      "backend_route_id": 19,
      "backend_file": "backend/crm_complete_routes.py",
      "backend_line": 465,
      "backend_path": "/api/crm/leads/{lead_id}",
      "match": "YES",
      "diffs": {
        "path_variables": "matched"
      },
      "impact": "NONE"
    },
    {
      "frontend_call_id": 57,
      "frontend_file": "src\\pages\\admin\\LeadDetail.js",
      "frontend_line": 81,
      "frontend_method": "POST",
      "frontend_url": "/api/crm/leads/${id}/notes",
      "backend_route_id": 20,
      "backend_file": "backend/crm_complete_routes.py",
      "backend_line": 486,
      "backend_path": "/api/crm/leads/{lead_id}/notes",
      "match": "YES",
      "diffs": {
        "path_variables": "matched"
      },
      "impact": "NONE"
    },
    {
      "frontend_call_id": 58,
      "frontend_file": "src\\pages\\admin\\LeadDetail.js",
      "frontend_line": 95,
      "frontend_method": "POST",
      "frontend_url": "/api/crm/leads/${id}/convert-to-contact",
      "backend_route_id": 21,
      "backend_file": "backend/crm_complete_routes.py",
      "backend_line": 507,
      "backend_path": "/api/crm/leads/{lead_id}/convert-to-contact",
      "match": "YES",
      "diffs": {
        "path_variables": "matched"
      },
      "impact": "NONE"
    },
    {
      "frontend_call_id": 59,
      "frontend_file": "src\\pages\\admin\\LeadDetail.js",
      "frontend_line": 109,
      "frontend_method": "POST",
      "frontend_url": "/api/crm/opportunities",
      "backend_route_id": 25,
      "backend_file": "backend/crm_complete_routes.py",
      "backend_line": 707,
      "backend_path": "/api/crm/opportunities",
      "match": "YES",
      "diffs": {},
      "impact": "NONE"
    },
    {
      "frontend_call_id": 60,
      "frontend_file": "src\\pages\\admin\\LeadsPage.js",
      "frontend_line": 27,
      "frontend_method": "GET",
      "frontend_url": "/api/crm/leads",
      "backend_route_id": 15,
      "backend_file": "backend/crm_complete_routes.py",
      "backend_line": 284,
      "backend_path": "/api/crm/leads",
      "match": "YES",
      "diffs": {},
      "impact": "NONE"
    },
    {
      "frontend_call_id": 61,
      "frontend_file": "src\\pages\\admin\\Pipeline.js",
      "frontend_line": 40,
      "frontend_method": "GET",
      "frontend_url": "/api/crm/pipeline",
      "backend_route_id": 23,
      "backend_file": "backend/crm_complete_routes.py",
      "backend_line": 624,
      "backend_path": "/api/crm/pipeline",
      "match": "YES",
      "diffs": {},
      "impact": "NONE"
    },
    {
      "frontend_call_id": 62,
      "frontend_file": "src\\pages\\client\\Dashboard.js",
      "frontend_line": 33,
      "frontend_method": "GET",
      "frontend_url": "/client/profile",
      "backend_route_id": null,
      "backend_file": null,
      "backend_line": null,
      "backend_path": null,
      "match": "NO",
      "diffs": {},
      "impact": "BUG_P1 - Route backend manquante"
    },
    {
      "frontend_call_id": 63,
      "frontend_file": "src\\pages\\client\\Dashboard.js",
      "frontend_line": 34,
      "frontend_method": "GET",
      "frontend_url": "/client/analyses",
      "backend_route_id": null,
      "backend_file": null,
      "backend_line": null,
      "backend_path": null,
      "match": "NO",
      "diffs": {},
      "impact": "BUG_P1 - Route backend manquante"
    },
    {
      "frontend_call_id": 64,
      "frontend_file": "src\\pages\\client\\Dashboard.js",
      "frontend_line": 52,
      "frontend_method": "GET",
      "frontend_url": "/client/analyses/${analysisId}/download",
      "backend_route_id": null,
      "backend_file": null,
      "backend_line": null,
      "backend_path": null,
      "match": "NO",
      "diffs": {},
      "impact": "BUG_P1 - Route backend manquante"
    },
    {
      "frontend_call_id": 65,
      "frontend_file": "src\\utils\\api.js",
      "frontend_line": 36,
      "frontend_method": "POST",
      "frontend_url": "${API}/contact",
      "backend_route_id": null,
      "backend_file": null,
      "backend_line": null,
      "backend_path": null,
      "match": "NO",
      "diffs": {},
      "impact": "BUG_P1 - Route backend manquante"
    },
    {
      "frontend_call_id": 66,
      "frontend_file": "src\\utils\\api.js",
      "frontend_line": 42,
      "frontend_method": "GET",
      "frontend_url": "${API}/contacts",
      "backend_route_id": null,
      "backend_file": null,
      "backend_line": null,
      "backend_path": null,
      "match": "NO",
      "diffs": {},
      "impact": "BUG_P1 - Route backend manquante"
    },
    {
      "frontend_call_id": 67,
      "frontend_file": "src\\utils\\api.js",
      "frontend_line": 48,
      "frontend_method": "POST",
      "frontend_url": "${API}/cart",
      "backend_route_id": null,
      "backend_file": null,
      "backend_line": null,
      "backend_path": null,
      "match": "NO",
      "diffs": {},
      "impact": "BUG_P1 - Route backend manquante"
    },
    {
      "frontend_call_id": 68,
      "frontend_file": "src\\utils\\api.js",
      "frontend_line": 53,
      "frontend_method": "GET",
      "frontend_url": "${API}/cart",
      "backend_route_id": null,
      "backend_file": null,
      "backend_line": null,
      "backend_path": null,
      "match": "NO",
      "diffs": {},
      "impact": "BUG_P1 - Route backend manquante"
    },
    {
      "frontend_call_id": 69,
      "frontend_file": "src\\utils\\api.js",
      "frontend_line": 60,
      "frontend_method": "GET",
      "frontend_url": "${API}/detect-location",
      "backend_route_id": null,
      "backend_file": null,
      "backend_line": null,
      "backend_path": null,
      "match": "NO",
      "diffs": {},
      "impact": "BUG_P1 - Route backend manquante"
    },
    {
      "frontend_call_id": 70,
      "frontend_file": "src\\utils\\api.js",
      "frontend_line": 77,
      "frontend_method": "POST",
      "frontend_url": "${backendUrl}/api/mini-analysis",
      "backend_route_id": null,
      "backend_file": null,
      "backend_line": null,
      "backend_path": null,
      "match": "NO",
      "diffs": {},
      "impact": "BUG_P1 - Route backend manquante"
    },
    {
      "frontend_call_id": 71,
      "frontend_file": "src\\utils\\api.js",
      "frontend_line": 85,
      "frontend_method": "POST",
      "frontend_url": "${API}/contact-expert",
      "backend_route_id": null,
      "backend_file": null,
      "backend_line": null,
      "backend_path": null,
      "match": "NO",
      "diffs": {},
      "impact": "BUG_P1 - Route backend manquante"
    },
    {
      "frontend_call_id": 72,
      "frontend_file": "src\\utils\\api.js",
      "frontend_line": 91,
      "frontend_method": "POST",
      "frontend_url": "${API}/pdf/generate",
      "backend_route_id": null,
      "backend_file": null,
      "backend_line": null,
      "backend_path": null,
      "match": "NO",
      "diffs": {},
      "impact": "BUG_P1 - Route backend manquante"
    },
    {
      "frontend_call_id": 73,
      "frontend_file": "src\\utils\\api.js",
      "frontend_line": 99,
      "frontend_method": "POST",
      "frontend_url": "${API}/email/send-pdf",
      "backend_route_id": null,
      "backend_file": null,
      "backend_line": null,
      "backend_path": null,
      "match": "NO",
      "diffs": {},
      "impact": "BUG_P1 - Route backend manquante"
    },
    {
      "frontend_call_id": 74,
      "frontend_file": "src\\utils\\api.js",
      "frontend_line": 105,
      "frontend_method": "POST",
      "frontend_url": "${API}/calendar/create-event",
      "backend_route_id": null,
      "backend_file": null,
      "backend_line": null,
      "backend_path": null,
      "match": "NO",
      "diffs": {},
      "impact": "BUG_P1 - Route backend manquante"
    },
    {
      "frontend_call_id": 75,
      "frontend_file": "src\\utils\\api.js",
      "frontend_line": 111,
      "frontend_method": "POST",
      "frontend_url": "${API}/admin/login",
      "backend_route_id": null,
      "backend_file": null,
      "backend_line": null,
      "backend_path": null,
      "match": "NO",
      "diffs": {},
      "impact": "BUG_P1 - Route backend manquante"
    },
    {
      "frontend_call_id": 76,
      "frontend_file": "src\\utils\\api.js",
      "frontend_line": 117,
      "frontend_method": "GET",
      "frontend_url": "${API}/admin/verify",
      "backend_route_id": null,
      "backend_file": null,
      "backend_line": null,
      "backend_path": null,
      "match": "NO",
      "diffs": {},
      "impact": "BUG_P1 - Route backend manquante"
    },
    {
      "frontend_call_id": 77,
      "frontend_file": "src\\utils\\api.js",
      "frontend_line": 126,
      "frontend_method": "GET",
      "frontend_url": "${API}/admin/stats",
      "backend_route_id": null,
      "backend_file": null,
      "backend_line": null,
      "backend_path": null,
      "match": "NO",
      "diffs": {},
      "impact": "BUG_P1 - Route backend manquante"
    },
    {
      "frontend_call_id": 78,
      "frontend_file": "src\\utils\\api.js",
      "frontend_line": 134,
      "frontend_method": "GET",
      "frontend_url": "${API}/crm/leads",
      "backend_route_id": null,
      "backend_file": null,
      "backend_line": null,
      "backend_path": null,
      "match": "NO",
      "diffs": {},
      "impact": "BUG_P1 - Route backend manquante"
    },
    {
      "frontend_call_id": 79,
      "frontend_file": "src\\utils\\api.js",
      "frontend_line": 143,
      "frontend_method": "GET",
      "frontend_url": "${API}/crm/contacts",
      "backend_route_id": null,
      "backend_file": null,
      "backend_line": null,
      "backend_path": null,
      "match": "NO",
      "diffs": {},
      "impact": "BUG_P1 - Route backend manquante"
    },
    {
      "frontend_call_id": 80,
      "frontend_file": "src\\utils\\api.js",
      "frontend_line": 152,
      "frontend_method": "POST",
      "frontend_url": "${API}/admin/users",
      "backend_route_id": null,
      "backend_file": null,
      "backend_line": null,
      "backend_path": null,
      "match": "NO",
      "diffs": {},
      "impact": "BUG_P1 - Route backend manquante"
    },
    {
      "frontend_call_id": 81,
      "frontend_file": "src\\utils\\api.js",
      "frontend_line": 160,
      "frontend_method": "GET",
      "frontend_url": "${API}/admin/users",
      "backend_route_id": null,
      "backend_file": null,
      "backend_line": null,
      "backend_path": null,
      "match": "NO",
      "diffs": {},
      "impact": "BUG_P1 - Route backend manquante"
    },
    {
      "frontend_call_id": 82,
      "frontend_file": "src\\utils\\api.js",
      "frontend_line": 168,
      "frontend_method": "DELETE",
      "frontend_url": "${API}/admin/users/${email}",
      "backend_route_id": null,
      "backend_file": null,
      "backend_line": null,
      "backend_path": null,
      "match": "NO",
      "diffs": {},
      "impact": "BUG_P1 - Route backend manquante"
    },
    {
      "frontend_call_id": 83,
      "frontend_file": "src\\utils\\api.js",
      "frontend_line": 178,
      "frontend_method": "GET",
      "frontend_url": "${BACKEND_URL}${endpoint}",
      "backend_route_id": null,
      "backend_file": null,
      "backend_line": null,
      "backend_path": null,
      "match": "NO",
      "diffs": {},
      "impact": "BUG_P1 - Route backend manquante"
    },
    {
      "frontend_call_id": 84,
      "frontend_file": "src\\utils\\api.js",
      "frontend_line": 191,
      "frontend_method": "POST",
      "frontend_url": "${BACKEND_URL}${endpoint}",
      "backend_route_id": null,
      "backend_file": null,
      "backend_line": null,
      "backend_path": null,
      "match": "NO",
      "diffs": {},
      "impact": "BUG_P1 - Route backend manquante"
    },
    {
      "frontend_call_id": 85,
      "frontend_file": "src\\utils\\api.js",
      "frontend_line": 204,
      "frontend_method": "POST",
      "frontend_url": "${BACKEND_URL}${endpoint}",
      "backend_route_id": null,
      "backend_file": null,
      "backend_line": null,
      "backend_path": null,
      "match": "NO",
      "diffs": {},
      "impact": "BUG_P1 - Route backend manquante"
    },
    {
      "frontend_call_id": 86,
      "frontend_file": "src\\utils\\api.js",
      "frontend_line": 217,
      "frontend_method": "PUT",
      "frontend_url": "${BACKEND_URL}${endpoint}",
      "backend_route_id": null,
      "backend_file": null,
      "backend_line": null,
      "backend_path": null,
      "match": "NO",
      "diffs": {},
      "impact": "BUG_P1 - Route backend manquante"
    },
    {
      "frontend_call_id": 87,
      "frontend_file": "src\\utils\\api.js",
      "frontend_line": 230,
      "frontend_method": "DELETE",
      "frontend_url": "${BACKEND_URL}${endpoint}",
      "backend_route_id": null,
      "backend_file": null,
      "backend_line": null,
      "backend_path": null,
      "match": "NO",
      "diffs": {},
      "impact": "BUG_P1 - Route backend manquante"
    },
    {
      "frontend_call_id": 88,
      "frontend_file": "src\\utils\\crmApi.js",
      "frontend_line": 14,
      "frontend_method": "GET",
      "frontend_url": "${CRM_PREFIX}/dashboard/stats",
      "backend_route_id": null,
      "backend_file": null,
      "backend_line": null,
      "backend_path": null,
      "match": "NO",
      "diffs": {},
      "impact": "BUG_P1 - Route backend manquante"
    },
    {
      "frontend_call_id": 89,
      "frontend_file": "src\\utils\\crmApi.js",
      "frontend_line": 19,
      "frontend_method": "GET",
      "frontend_url": "${CRM_PREFIX}/leads",
      "backend_route_id": null,
      "backend_file": null,
      "backend_line": null,
      "backend_path": null,
      "match": "NO",
      "diffs": {},
      "impact": "BUG_P1 - Route backend manquante"
    },
    {
      "frontend_call_id": 90,
      "frontend_file": "src\\utils\\crmApi.js",
      "frontend_line": 20,
      "frontend_method": "GET",
      "frontend_url": "${CRM_PREFIX}/leads/${id}",
      "backend_route_id": null,
      "backend_file": null,
      "backend_line": null,
      "backend_path": null,
      "match": "NO",
      "diffs": {},
      "impact": "BUG_P1 - Route backend manquante"
    },
    {
      "frontend_call_id": 91,
      "frontend_file": "src\\utils\\crmApi.js",
      "frontend_line": 21,
      "frontend_method": "POST",
      "frontend_url": "${CRM_PREFIX}/leads",
      "backend_route_id": null,
      "backend_file": null,
      "backend_line": null,
      "backend_path": null,
      "match": "NO",
      "diffs": {},
      "impact": "BUG_P1 - Route backend manquante"
    },
    {
      "frontend_call_id": 92,
      "frontend_file": "src\\utils\\crmApi.js",
      "frontend_line": 22,
      "frontend_method": "PUT",
      "frontend_url": "${CRM_PREFIX}/leads/${id}",
      "backend_route_id": null,
      "backend_file": null,
      "backend_line": null,
      "backend_path": null,
      "match": "NO",
      "diffs": {},
      "impact": "BUG_P1 - Route backend manquante"
    },
    {
      "frontend_call_id": 93,
      "frontend_file": "src\\utils\\crmApi.js",
      "frontend_line": 23,
      "frontend_method": "DELETE",
      "frontend_url": "${CRM_PREFIX}/leads/${id}",
      "backend_route_id": null,
      "backend_file": null,
      "backend_line": null,
      "backend_path": null,
      "match": "NO",
      "diffs": {},
      "impact": "BUG_P1 - Route backend manquante"
    },
    {
      "frontend_call_id": 94,
      "frontend_file": "src\\utils\\crmApi.js",
      "frontend_line": 24,
      "frontend_method": "POST",
      "frontend_url": "${CRM_PREFIX}/leads/${id}/notes",
      "backend_route_id": null,
      "backend_file": null,
      "backend_line": null,
      "backend_path": null,
      "match": "NO",
      "diffs": {},
      "impact": "BUG_P1 - Route backend manquante"
    },
    {
      "frontend_call_id": 95,
      "frontend_file": "src\\utils\\crmApi.js",
      "frontend_line": 25,
      "frontend_method": "POST",
      "frontend_url": "${CRM_PREFIX}/leads/${id}/convert-to-contact",
      "backend_route_id": null,
      "backend_file": null,
      "backend_line": null,
      "backend_path": null,
      "match": "NO",
      "diffs": {},
      "impact": "BUG_P1 - Route backend manquante"
    },
    {
      "frontend_call_id": 96,
      "frontend_file": "src\\utils\\crmApi.js",
      "frontend_line": 26,
      "frontend_method": "GET",
      "frontend_url": "${CRM_PREFIX}/leads/export/csv",
      "backend_route_id": null,
      "backend_file": null,
      "backend_line": null,
      "backend_path": null,
      "match": "NO",
      "diffs": {},
      "impact": "BUG_P1 - Route backend manquante"
    },
    {
      "frontend_call_id": 97,
      "frontend_file": "src\\utils\\crmApi.js",
      "frontend_line": 31,
      "frontend_method": "GET",
      "frontend_url": "${CRM_PREFIX}/contacts",
      "backend_route_id": null,
      "backend_file": null,
      "backend_line": null,
      "backend_path": null,
      "match": "NO",
      "diffs": {},
      "impact": "BUG_P1 - Route backend manquante"
    },
    {
      "frontend_call_id": 98,
      "frontend_file": "src\\utils\\crmApi.js",
      "frontend_line": 32,
      "frontend_method": "GET",
      "frontend_url": "${CRM_PREFIX}/contacts/${id}",
      "backend_route_id": null,
      "backend_file": null,
      "backend_line": null,
      "backend_path": null,
      "match": "NO",
      "diffs": {},
      "impact": "BUG_P1 - Route backend manquante"
    },
    {
      "frontend_call_id": 99,
      "frontend_file": "src\\utils\\crmApi.js",
      "frontend_line": 33,
      "frontend_method": "POST",
      "frontend_url": "${CRM_PREFIX}/contacts",
      "backend_route_id": null,
      "backend_file": null,
      "backend_line": null,
      "backend_path": null,
      "match": "NO",
      "diffs": {},
      "impact": "BUG_P1 - Route backend manquante"
    },
    {
      "frontend_call_id": 100,
      "frontend_file": "src\\utils\\crmApi.js",
      "frontend_line": 34,
      "frontend_method": "PUT",
      "frontend_url": "${CRM_PREFIX}/contacts/${id}",
      "backend_route_id": null,
      "backend_file": null,
      "backend_line": null,
      "backend_path": null,
      "match": "NO",
      "diffs": {},
      "impact": "BUG_P1 - Route backend manquante"
    },
    {
      "frontend_call_id": 101,
      "frontend_file": "src\\utils\\crmApi.js",
      "frontend_line": 35,
      "frontend_method": "DELETE",
      "frontend_url": "${CRM_PREFIX}/contacts/${id}",
      "backend_route_id": null,
      "backend_file": null,
      "backend_line": null,
      "backend_path": null,
      "match": "NO",
      "diffs": {},
      "impact": "BUG_P1 - Route backend manquante"
    },
    {
      "frontend_call_id": 102,
      "frontend_file": "src\\utils\\crmApi.js",
      "frontend_line": 40,
      "frontend_method": "GET",
      "frontend_url": "${CRM_PREFIX}/opportunities",
      "backend_route_id": null,
      "backend_file": null,
      "backend_line": null,
      "backend_path": null,
      "match": "NO",
      "diffs": {},
      "impact": "BUG_P1 - Route backend manquante"
    },
    {
      "frontend_call_id": 103,
      "frontend_file": "src\\utils\\crmApi.js",
      "frontend_line": 41,
      "frontend_method": "GET",
      "frontend_url": "${CRM_PREFIX}/opportunities/${id}",
      "backend_route_id": null,
      "backend_file": null,
      "backend_line": null,
      "backend_path": null,
      "match": "NO",
      "diffs": {},
      "impact": "BUG_P1 - Route backend manquante"
    },
    {
      "frontend_call_id": 104,
      "frontend_file": "src\\utils\\crmApi.js",
      "frontend_line": 42,
      "frontend_method": "POST",
      "frontend_url": "${CRM_PREFIX}/opportunities",
      "backend_route_id": null,
      "backend_file": null,
      "backend_line": null,
      "backend_path": null,
      "match": "NO",
      "diffs": {},
      "impact": "BUG_P1 - Route backend manquante"
    },
    {
      "frontend_call_id": 105,
      "frontend_file": "src\\utils\\crmApi.js",
      "frontend_line": 43,
      "frontend_method": "PUT",
      "frontend_url": "${CRM_PREFIX}/opportunities/${id}",
      "backend_route_id": null,
      "backend_file": null,
      "backend_line": null,
      "backend_path": null,
      "match": "NO",
      "diffs": {},
      "impact": "BUG_P1 - Route backend manquante"
    },
    {
      "frontend_call_id": 106,
      "frontend_file": "src\\utils\\crmApi.js",
      "frontend_line": 44,
      "frontend_method": "DELETE",
      "frontend_url": "${CRM_PREFIX}/opportunities/${id}",
      "backend_route_id": null,
      "backend_file": null,
      "backend_line": null,
      "backend_path": null,
      "match": "NO",
      "diffs": {},
      "impact": "BUG_P1 - Route backend manquante"
    },
    {
      "frontend_call_id": 107,
      "frontend_file": "src\\utils\\crmApi.js",
      "frontend_line": 49,
      "frontend_method": "GET",
      "frontend_url": "${CRM_PREFIX}/pipeline",
      "backend_route_id": null,
      "backend_file": null,
      "backend_line": null,
      "backend_path": null,
      "match": "NO",
      "diffs": {},
      "impact": "BUG_P1 - Route backend manquante"
    },
    {
      "frontend_call_id": 108,
      "frontend_file": "src\\utils\\crmApi.js",
      "frontend_line": 50,
      "frontend_method": "PUT",
      "frontend_url": "${CRM_PREFIX}/pipeline/opportunities/${oppId}",
      "backend_route_id": null,
      "backend_file": null,
      "backend_line": null,
      "backend_path": null,
      "match": "NO",
      "diffs": {},
      "impact": "BUG_P1 - Route backend manquante"
    },
    {
      "frontend_call_id": 109,
      "frontend_file": "src\\utils\\crmApi.js",
      "frontend_line": 55,
      "frontend_method": "GET",
      "frontend_url": "${CRM_PREFIX}/settings/users",
      "backend_route_id": null,
      "backend_file": null,
      "backend_line": null,
      "backend_path": null,
      "match": "NO",
      "diffs": {},
      "impact": "BUG_P1 - Route backend manquante"
    },
    {
      "frontend_call_id": 110,
      "frontend_file": "src\\utils\\crmApi.js",
      "frontend_line": 56,
      "frontend_method": "POST",
      "frontend_url": "${CRM_PREFIX}/settings/users",
      "backend_route_id": null,
      "backend_file": null,
      "backend_line": null,
      "backend_path": null,
      "match": "NO",
      "diffs": {},
      "impact": "BUG_P1 - Route backend manquante"
    },
    {
      "frontend_call_id": 111,
      "frontend_file": "src\\utils\\crmApi.js",
      "frontend_line": 57,
      "frontend_method": "PUT",
      "frontend_url": "${CRM_PREFIX}/settings/users/${userId}",
      "backend_route_id": null,
      "backend_file": null,
      "backend_line": null,
      "backend_path": null,
      "match": "NO",
      "diffs": {},
      "impact": "BUG_P1 - Route backend manquante"
    },
    {
      "frontend_call_id": 112,
      "frontend_file": "src\\utils\\crmApi.js",
      "frontend_line": 58,
      "frontend_method": "DELETE",
      "frontend_url": "${CRM_PREFIX}/settings/users/${userId}",
      "backend_route_id": null,
      "backend_file": null,
      "backend_line": null,
      "backend_path": null,
      "match": "NO",
      "diffs": {},
      "impact": "BUG_P1 - Route backend manquante"
    },
    {
      "frontend_call_id": 113,
      "frontend_file": "src\\utils\\crmApi.js",
      "frontend_line": 59,
      "frontend_method": "POST",
      "frontend_url": "${CRM_PREFIX}/settings/users/change-password",
      "backend_route_id": null,
      "backend_file": null,
      "backend_line": null,
      "backend_path": null,
      "match": "NO",
      "diffs": {},
      "impact": "BUG_P1 - Route backend manquante"
    },
    {
      "frontend_call_id": 114,
      "frontend_file": "src\\utils\\crmApi.js",
      "frontend_line": 61,
      "frontend_method": "GET",
      "frontend_url": "${CRM_PREFIX}/settings/tags",
      "backend_route_id": null,
      "backend_file": null,
      "backend_line": null,
      "backend_path": null,
      "match": "NO",
      "diffs": {},
      "impact": "BUG_P1 - Route backend manquante"
    },
    {
      "frontend_call_id": 115,
      "frontend_file": "src\\utils\\crmApi.js",
      "frontend_line": 62,
      "frontend_method": "POST",
      "frontend_url": "${CRM_PREFIX}/settings/tags",
      "backend_route_id": null,
      "backend_file": null,
      "backend_line": null,
      "backend_path": null,
      "match": "NO",
      "diffs": {},
      "impact": "BUG_P1 - Route backend manquante"
    },
    {
      "frontend_call_id": 116,
      "frontend_file": "src\\utils\\crmApi.js",
      "frontend_line": 63,
      "frontend_method": "DELETE",
      "frontend_url": "${CRM_PREFIX}/settings/tags/${tagId}",
      "backend_route_id": null,
      "backend_file": null,
      "backend_line": null,
      "backend_path": null,
      "match": "NO",
      "diffs": {},
      "impact": "BUG_P1 - Route backend manquante"
    },
    {
      "frontend_call_id": 117,
      "frontend_file": "src\\utils\\crmApi.js",
      "frontend_line": 65,
      "frontend_method": "GET",
      "frontend_url": "${CRM_PREFIX}/settings/pipeline-stages",
      "backend_route_id": null,
      "backend_file": null,
      "backend_line": null,
      "backend_path": null,
      "match": "NO",
      "diffs": {},
      "impact": "BUG_P1 - Route backend manquante"
    },
    {
      "frontend_call_id": 118,
      "frontend_file": "src\\utils\\crmApi.js",
      "frontend_line": 70,
      "frontend_method": "GET",
      "frontend_url": "${CRM_PREFIX}/tasks",
      "backend_route_id": null,
      "backend_file": null,
      "backend_line": null,
      "backend_path": null,
      "match": "NO",
      "diffs": {},
      "impact": "BUG_P1 - Route backend manquante"
    },
    {
      "frontend_call_id": 119,
      "frontend_file": "src\\utils\\crmApi.js",
      "frontend_line": 71,
      "frontend_method": "GET",
      "frontend_url": "${CRM_PREFIX}/tasks/${id}",
      "backend_route_id": null,
      "backend_file": null,
      "backend_line": null,
      "backend_path": null,
      "match": "NO",
      "diffs": {},
      "impact": "BUG_P1 - Route backend manquante"
    },
    {
      "frontend_call_id": 120,
      "frontend_file": "src\\utils\\crmApi.js",
      "frontend_line": 72,
      "frontend_method": "POST",
      "frontend_url": "${CRM_PREFIX}/tasks",
      "backend_route_id": null,
      "backend_file": null,
      "backend_line": null,
      "backend_path": null,
      "match": "NO",
      "diffs": {},
      "impact": "BUG_P1 - Route backend manquante"
    },
    {
      "frontend_call_id": 121,
      "frontend_file": "src\\utils\\crmApi.js",
      "frontend_line": 73,
      "frontend_method": "PUT",
      "frontend_url": "${CRM_PREFIX}/tasks/${id}",
      "backend_route_id": null,
      "backend_file": null,
      "backend_line": null,
      "backend_path": null,
      "match": "NO",
      "diffs": {},
      "impact": "BUG_P1 - Route backend manquante"
    },
    {
      "frontend_call_id": 122,
      "frontend_file": "src\\utils\\crmApi.js",
      "frontend_line": 74,
      "frontend_method": "DELETE",
      "frontend_url": "${CRM_PREFIX}/tasks/${id}",
      "backend_route_id": null,
      "backend_file": null,
      "backend_line": null,
      "backend_path": null,
      "match": "NO",
      "diffs": {},
      "impact": "BUG_P1 - Route backend manquante"
    },
    {
      "frontend_call_id": 123,
      "frontend_file": "src\\utils\\crmApi.js",
      "frontend_line": 79,
      "frontend_method": "POST",
      "frontend_url": "${CRM_PREFIX}/emails/send",
      "backend_route_id": null,
      "backend_file": null,
      "backend_line": null,
      "backend_path": null,
      "match": "NO",
      "diffs": {},
      "impact": "BUG_P1 - Route backend manquante"
    },
    {
      "frontend_call_id": 124,
      "frontend_file": "src\\utils\\crmApi.js",
      "frontend_line": 80,
      "frontend_method": "GET",
      "frontend_url": "${CRM_PREFIX}/emails/history",
      "backend_route_id": null,
      "backend_file": null,
      "backend_line": null,
      "backend_path": null,
      "match": "NO",
      "diffs": {},
      "impact": "BUG_P1 - Route backend manquante"
    },
    {
      "frontend_call_id": 125,
      "frontend_file": "src\\utils\\crmApi.js",
      "frontend_line": 85,
      "frontend_method": "GET",
      "frontend_url": "${CRM_PREFIX}/mini-analysis-requests",
      "backend_route_id": null,
      "backend_file": null,
      "backend_line": null,
      "backend_path": null,
      "match": "NO",
      "diffs": {},
      "impact": "BUG_P1 - Route backend manquante"
    },
    {
      "frontend_call_id": 126,
      "frontend_file": "src\\utils\\crmApi.js",
      "frontend_line": 86,
      "frontend_method": "POST",
      "frontend_url": "${CRM_PREFIX}/mini-analysis-requests/${id}/validate",
      "backend_route_id": null,
      "backend_file": null,
      "backend_line": null,
      "backend_path": null,
      "match": "NO",
      "diffs": {},
      "impact": "BUG_P1 - Route backend manquante"
    },
    {
      "frontend_call_id": 127,
      "frontend_file": "src\\utils\\crmApi.js",
      "frontend_line": 88,
      "frontend_method": "GET",
      "frontend_url": "${CRM_PREFIX}/pack-rappel-requests",
      "backend_route_id": null,
      "backend_file": null,
      "backend_line": null,
      "backend_path": null,
      "match": "NO",
      "diffs": {},
      "impact": "BUG_P1 - Route backend manquante"
    },
    {
      "frontend_call_id": 128,
      "frontend_file": "src\\utils\\crmApi.js",
      "frontend_line": 89,
      "frontend_method": "PUT",
      "frontend_url": "${CRM_PREFIX}/pack-rappel-requests/${id}/assign",
      "backend_route_id": null,
      "backend_file": null,
      "backend_line": null,
      "backend_path": null,
      "match": "NO",
      "diffs": {},
      "impact": "BUG_P1 - Route backend manquante"
    }
  ]
}